,ticker,date,commonstocksharesissued,assetscurrent,accountspayablecurrent,commonstockvalue,liabilities,liabilitiesandstockholdersequity,stockholdersequity,earningspersharebasic,netincomeloss,profitloss,costofgoodssold,costsandexpenses,cash,preferredstockvalue,depreciation,operatingexpenses,revenues,land,deferredrevenue,grossprofit,sharesissued,commercialpaper,costofservices,debtcurrent,salariesandwages,change,pct_change
713,CSCO,2009-11-18,0.0,0.0,0.0,0.0,0.0,0.0,0.0,0.0,0.0,0.0,0.0,0.0,0.0,0.0,0.0,0.0,0.0,0.0,0.0,0.0,0.0,0.0,0.0,0.0,0.0,0.0,0.0
714,CSCO,2010-02-17,0.005912015301686724,-0.011633890417701465,-0.07407407407407407,0.0,0.027814615760452188,-0.00803727431566681,-0.03387330633468322,0.032258064516129004,0.03693340794627864,0.0,0.1323411102172165,0.0,0.0,0.0,0.0,0.052603613177470754,0.0,0.0,0.0,0.0754076086956521,0.005912015301686724,0.0,0.032457496136012454,0.0,0.0,-1.7777777777777821,-1.7806944444444488
715,CSCO,2010-05-26,-0.010890233362143453,0.12633270706476218,0.3362962962962963,0.0,0.20335472479712058,0.1638680131517145,0.13411131523792275,0.1875,0.18294657312466267,0.0,0.06927175843694489,0.0,0.0,0.0,0.0,0.08152448258455336,0.0,0.0,0.0,0.047062539481996124,-0.010890233362143453,0.0,0.08982035928143706,0.0,0.0,-6.999999999999949,-7.177606177606125
716,CSCO,2010-09-21,-0.01170919259000347,0.033421761324812005,-0.0077605321507761005,0.0,0.03964446952595946,0.023180144276850223,0.009970339949806117,-0.10526315789473684,-0.11724452554744524,0.0,2.86046511627907,0.0,0.0,0.0,0.0,2.8457409568261376,0.0,0.0,0.0,0.024585218702865674,-0.01170919259000347,0.0,2.8145604395604398,3.874000639590662,0.0,-0.7383333333333331,-0.7195642278815071
717,CSCO,2010-11-23,-0.01379310344827589,-0.019739017133077907,0.05586592178770955,0.0,-0.04138960510245626,-0.013743374830518906,0.009216798066279619,0.0,-0.0025839793281653423,0.0,-0.7203958691910499,0.0,0.0,0.0,0.0,-0.7327507737119971,0.0,0.0,-0.03130921230713701,-0.4423671426468423,-0.01379310344827589,0.0,-0.7313647821389989,0.0,0.0,2.2757051865332167,2.6424468423608802
718,CSCO,2011-02-23,-0.007889546351084853,0.03293258739039007,-0.15767195767195763,0.0,0.027604756511891315,0.02457039305130282,0.021622831561275868,-0.20588235294117652,-0.2119170984455958,0.0,0.040935672514619936,0.0,0.0,0.0,0.0,0.03928247048138056,0.0,0.0,0.0997578241430701,-0.08975712777191125,-0.007889546351084853,0.0,0.024128686327077764,0.0,0.0,-0.4722222222222179,-0.44468352160659397
719,CSCO,2011-05-25,-0.0057834809325862935,0.06026965774209647,0.0037688442211054607,0.0,0.05094365615098506,0.04109488783986537,0.03334720974562355,0.2222222222222221,0.18803418803418803,0.0,0.0162625665286813,0.0,0.0,0.0,0.0,-0.022066856019226533,0.0,0.0,-0.009147116117557363,0.06815545243619492,-0.0057834809325862935,0.0,0.007853403141361293,-0.9618791417885966,0.0,-0.5789473684210644,-0.5189079028240681
720,CSCO,2011-09-14,-0.011997818578440289,0.036718353742482446,0.09637046307884867,0.0,0.04435822147651014,0.020445225541886325,-0.8455568984161312,-0.33333333333333337,-0.31820697288323185,0.0,2.970613907477451,0.0,0.0,0.0,0.0,3.2140303842716715,0.0,0.0,-0.9788016069749551,0.862883518870486,-0.011997818578440289,4.847953216374269,2.9415584415584415,0.012048192771084265,0.0,-0.7499999999999556,-0.7512232415901698
721,CSCO,2011-11-22,-0.011775528978840821,0.0006290297216542395,0.0365296803652968,0.0,-0.0021588512902901424,-0.0015041047132441365,5.478308621636463,0.5,0.4423701298701299,0.0,-0.7389169780904228,0.0,0.0,0.0,0.0,-0.7518820909765667,0.0,0.0,-0.056451612903225756,-0.7443521352572511,-0.011775528978840821,0.0,-0.7354200988467875,0.001700680272108901,47.97959183673469,2.9999999999992895,2.633333333332688
722,CSCO,2012-02-21,0.001303295475702848,0.03546545130703538,-0.12885462555066074,0.0,0.0061383647798742835,0.026390230440182183,0.04361278291090964,0.2424242424242422,0.2279122115925718,0.0,0.024417625596407477,0.0,0.0,0.0,0.0,-0.07457264957264953,0.0,0.0,52.256410256410255,-1.072976054732041,0.001303295475702848,0.0,0.011207970112079746,0.02716468590831922,0.0,-1.0,-1.0
723,CSCO,2012-05-23,0.0009297136481962731,0.032277648487301525,0.1415929203539823,0.0,-0.0054508176226434335,0.0212303521213546,0.04286642569954924,-0.024390243902438935,-0.007791017415215373,0.0,-0.02383561643835619,0.0,0.0,0.0,0.0,0.020318633110136153,-0.0013160780872998323,0.0,0.014925373134328401,0.1328125,0.0009297136481962731,0.0,0.054187192118226646,-0.8628099173553719,0.0,-inf,-inf
724,CSCO,2012-09-12,-0.01579045142114066,0.011778736195517281,-0.04872646733111852,0.0,0.017146017699114946,0.006637119599798069,-0.0013824795062017392,2.4,2.5875288683602773,0.0,2.2612966601178783,0.0,0.0,0.0,0.0,2.7291242362525456,-0.1631891060839007,0.0,0.01834282099936746,-181.13103448275862,-0.01579045142114066,0.0,2.244158878504673,-0.6265060240963856,9.0,-2.0,-1.8786764705882353
725,CSCO,2012-11-20,0.0024537561343902503,0.0,0.0,0.0,0.0,0.0,0.027297898061849235,-0.7132352941176471,-0.77121153598558,0.0,-0.6933734939759035,0.0,0.0,0.0,0.0,-0.71600218459858,-0.9660104986876641,0.0,-0.8572981366459628,-0.7311535663693096,0.025858814647036654,0.0,-0.6798703637018365,0.7741935483870968,-0.9,-0.019999999999953832,0.01958384332930141
726,CSCO,2013-02-19,0.0022594614950104397,-0.019504948896387986,0.0,0.0,0.00976321123140056,0.050338386425309745,-0.026572524010173515,0.0512820512820511,1.2279122115925718,0.0,0.024417625596407477,0.0,0.0,0.0,0.0,0.9254273504273505,34.204633204633204,0.0,0.0,-0.7016519510111079,0.0,0.0,-0.08661417322834641,-0.32727272727272727,1.3333333333333335,-1.0,-1.0
727,CSCO,2013-05-21,-0.004696599661844769,0.019892960065870824,0.0,0.0,-0.009668812571904106,-0.04792587519973435,0.0,2.5365853658536586,0.5468552664814348,0.0,-0.02383561643835619,0.0,0.0,0.0,0.0,0.5215847297747198,-0.32682605834612855,0.0,0.0,-1.0692124105011933,-0.009567617295308195,0.0,0.054187192118226646,87.97297297297297,-0.5714285714285714,inf,inf
728,CSCO,2013-09-10,0.01717629294073242,0.0,0.0,0.0,0.03967076968708283,0.10279100687670972,0.15275123815466207,0.034482758620689724,0.6301436969301111,0.0,-0.9651978669660398,0.0,0.0,0.0,0.0,0.3233170447086282,1.3768328445747802,0.0,0.0,-199.3655172413793,0.0011146201003158218,0.0,2.9100467289719627,-0.996962332928311,3.166666666666667,2.6153846153845355,2.6191632364290425
729,CSCO,2013-11-22,-0.007051401002041158,0.057933573377682235,0.1979045401629802,0.0,0.0,0.0,-0.13251014884979706,-0.74,-0.7904437543824502,0.0,29.225806451612904,0.0,0.0,0.0,0.0,-0.7270723104056438,-0.9714168208924532,0.0,0.023394994559303495,-1.0070576782672183,-0.014473928372610856,0.0,-0.7343890050791754,0.0,11.14,-1.0425531914893533,-1.047409051719857
730,CSCO,2014-02-20,-0.02990095309287988,0.0,0.0,0.0,0.0,0.0,-0.7786140467184026,0.5128205128205128,1.5023900573613767,0.0,0.15341515474919953,0.0,0.0,0.0,0.0,0.8651050080775444,5.381294964028777,0.0,0.08240297713981914,0.9802955665024631,0.0022594614950104397,0.0,1.0382452193475817,374.2,0.0,-3.0000000000003553,-2.92728904847431
731,CSCO,2014-05-22,-0.014448083220959362,0.0,0.0,0.0,0.0,0.0,2.6322881803769596,-0.2033898305084746,0.07086914995224447,0.0,-0.8484848484848485,0.0,0.0,0.0,0.0,0.4833261152013859,-0.00150319428786172,0.0,-0.2180746561886051,0.47263681592039797,-0.038887845200075155,-0.05181250000000004,0.5209713024282561,-0.8667377398720683,0.0,-6.000000000000178,-5.550653594771404
732,CSCO,2014-09-09,-0.0017591868647380826,0.024312815738465554,0.0,0.0,0.15239046192615846,0.03896591594114107,0.43352489027909114,2.191489361702128,0.7807706029254371,0.0,0.0,0.0,0.0,0.0,0.0,0.3243795620437957,-0.5114791117802032,0.0,0.15766331658291466,-52.351351351351354,-0.0017591868647380826,-0.05464372816557905,0.3156748911465892,5.546,0.0,-0.10000000000001419,-0.1169539078156453
733,CSCO,2014-11-20,0.00039161934599563075,-0.010698214977501008,0.00291545189504383,0.0,-0.0249623501743238,-0.010995491468031249,-0.041711772665764535,-0.76,-0.8000601021736953,0.0,0.0,0.0,0.0,0.0,0.0,-0.7249228395061729,1.963020030816641,0.0,0.0,-1.013717105263158,0.0477775602114745,-0.05780225909914938,-0.7261445118587976,-0.8472349526428353,-0.8385502471169687,-3.4444444444444358,-3.2936776565960386
734,CSCO,2015-02-18,-0.00039146604032103127,0.022380866317248005,-0.04263565891472865,0.0,-0.0015657067896663879,0.009078843601530995,0.01878066862004446,1.3055555555555554,1.1167334669338675,0.0,10.793893129770993,0.0,0.0,0.0,0.0,0.8952113804848727,3.813572542901716,0.0,1.7135105805751492,-23.100719424460433,-0.04559895346664178,-0.061348331236587006,1.0473313192346425,-0.99,0.9591836734693877,-0.18181818181817888,-0.2577463478179931
735,CSCO,2015-05-20,-0.0027413354219698594,0.021345864883179688,0.13157894736842102,0.0,0.0040263620759075636,0.012294847601075132,0.019144807512387896,0.566265060240964,0.5768047337278106,0.0,0.4639482200647249,0.0,0.0,0.0,0.0,0.48630933502484397,0.5037541187273809,0.0,-0.011197760447910432,0.49479166666666674,-0.0027413354219698594,-0.06535793125197098,0.5056566650270535,-0.19999999999999996,0.375,-1.6388888888888813,-1.6297573005997346
736,CSCO,2015-09-08,-0.001570783428234801,0.10027260532806404,-0.012522361359570633,0.0,0.13497541104708843,0.06843859450909506,0.014875133876204982,0.3538461538461537,0.34809366556589616,0.0,-0.9833760721549208,0.0,0.0,0.0,0.0,0.3451170068994951,0.35601135098243475,0.0,0.09726996966632973,0.35525551684088263,-0.001570783428234801,-0.06992830029523411,0.3404116301862137,-0.25,0.26515151515151514,-1.0,-1.0
737,CSCO,2015-11-19,-0.0005899705014749124,-0.030635921502825014,0.013586956521739024,0.0,-0.036932346487149936,-0.015050977696706935,0.00467352340111904,-0.7272727272727273,-0.7294287941209219,0.0,19.49468085106383,0.0,0.0,0.0,0.0,-0.7486647982655597,-0.7392317880794702,0.0,0.008661997788426135,-0.7348687734333155,-0.0005899705014749124,-0.07518592417921277,-0.7570070679990251,-0.33333333333333337,-0.15568862275449102,inf,inf
738,CSCO,2016-02-18,-0.005903187721369552,0.01432126146106616,-0.14030384271671137,0.0,-0.00046342782111685743,0.007774686194340408,0.014905713856978586,1.291666666666667,1.2950617283950616,0.0,0.9031923176745393,0.0,0.0,0.0,0.0,0.8706080370292446,0.9125355546525802,0.0,0.01004933308971312,0.8913131313131313,-0.005903187721369552,-0.08129842110424634,1.0180541624874624,0.0,0.0,-1.1200000000000045,-1.1229931972789162
739,CSCO,2016-05-24,-0.0035629453681710332,0.047543497100193344,0.04677754677754686,0.0,0.0875511938799165,0.05337263187798502,0.024428709894695366,0.42727272727272725,0.42119419042495965,0.0,0.4382926496658939,0.0,0.0,0.0,0.0,0.5327859633337082,0.47139746109311087,0.0,-0.02206946454413894,0.500320444349498,-0.0035629453681710332,-0.08849274124679762,0.5293240556660039,-0.5,0.0,-18.66666666666592,-17.730851825339304
740,CSCO,2016-09-08,-0.0009932459276916772,0.0018836466380725003,0.04865938430983108,0.0,0.03145871820377999,0.02526674195560208,0.019692741909618672,0.3566878980891719,0.3549078980570275,0.0,0.34265667962453783,0.0,0.0,0.0,0.0,0.34282359847373045,0.3448126489062162,0.0,0.08231594524602293,0.3531254449665384,-0.0009932459276916772,-0.09708396767771399,0.3409164770880728,0.0,0.0,-1.6037735849056638,-1.5306522164914829
741,CSCO,2016-11-22,-0.0009942334460131264,0.056174494086561166,-0.05681818181818177,0.0,0.08278368092031618,0.03810048334593752,-1.0111187997357909,-0.784037558685446,-0.7837787503491945,0.0,-0.7596921121389733,0.0,0.0,0.0,0.0,-0.7263934426229508,-0.6684382885059322,0.0,0.11553580584515477,-0.5851836262232979,-0.0009942334460131264,-0.10752269779507129,-0.7418807561803199,4747.0,-0.24822695035460995,-0.5,-0.47104825291181374
742,CSCO,2017-02-21,-0.0033837579617834734,0.0030189677776306656,-0.03915662650602414,0.0,-0.007061742532684434,-0.0003088203853127691,0.06223479490806216,1.0217391304347827,1.0111972437553831,0.0,0.9712018806935057,0.0,0.0,0.0,0.0,0.8753744757339725,0.2128886010362694,0.0,0.005209131300750736,0.15690005073566726,-0.0033837579617834734,-0.12047667490190384,0.9380281690140846,0.0,0.0,-1.0,-1.0
743,CSCO,2017-05-23,-0.0017974835230677444,-0.04113104374520338,0.2737722048066875,0.0,-0.029825404452987314,-0.0023604334326088328,-0.17842876165113186,0.5376344086021503,0.5385438972162742,0.0,0.507602862254025,0.0,0.0,0.0,0.0,0.46315228966986166,0.175521973620975,0.0,0.034903215973174806,0.49895844753864704,-0.0017974835230677444,-0.13697951090548577,0.492732558139535,0.0,0.0,inf,inf
744,CSCO,2017-09-07,-0.0030012004801920344,0.04678472274330314,0.136177194421657,0.0,0.05139677717606661,0.03071059944422383,-0.41815235008103724,0.3426573426573427,0.33736951983298535,0.0,0.3545930979926828,0.0,0.0,0.0,0.0,0.32840818109032677,0.1493140728627238,0.0,0.05920471281296025,-1.047981275599766,-0.0030012004801920344,-0.15872104154700362,0.3248945147679325,0.0,0.0,-1.647058823529402,-1.6413739640820146
745,CSCO,2017-11-21,-0.006421834236403745,0.004504020166541167,-0.1660649819494585,0.0,0.02027292284982951,0.0054229767828806175,-0.0473537604456824,-0.75,-0.7508585700905401,0.0,-0.7361121249726257,0.0,0.0,0.0,0.0,-0.7440688181469508,0.12991581360420534,0.0,0.05311457174638479,-12.321646341463415,-0.006421834236403745,-0.18866636322257624,-0.7319941205291524,0.0,-0.4994221698113207,-2.363636363636358,-2.1906600249065953
746,CSCO,2018-02-20,-0.01676429004241564,0.02343006660323499,-0.08225108225108224,0.0,0.2240349689096841,0.007569605124040368,-0.8011695906432749,-3.6875,-3.6666666666666665,0.0,0.9278008298755187,0.0,0.0,0.0,0.0,0.947334617854849,0.11497831257870428,0.0,0.033139688407710644,0.2570351420492796,-0.01676429004241564,-0.23253856942496498,0.9460694698354661,0.0002106149957876724,-0.9976913472637754,-1.0,-1.0
747,CSCO,2018-05-22,-0.027526705012325348,-0.21974433468913424,0.4641509433962263,0.0,-0.15316618046474195,-0.13308493650672948,3.882352941176471,-0.41085271317829464,-0.42152255639097747,0.0,0.5201607117233462,0.0,0.0,0.0,0.0,0.5084652594547054,0.0,0.0,0.02146964856230027,0.494215938303342,-0.027526705012325348,0.0,0.5068107092531704,0.6289745209517794,0.0,-inf,-inf
748,CSCO,2018-09-06,-0.025348542458808576,-0.07899792972997122,0.2268041237113403,0.0,-0.02623724887522827,-0.04582134587046527,0.5903614457831325,-1.0263157894736843,-1.0297860817763336,0.0,-0.76533887105909,0.0,0.0,0.0,0.0,0.33350338896581877,0.0,0.0,-1.350306518203428,0.34709677419354845,-0.025348542458808576,0.0,-0.7983167082294265,-0.3229058945191313,0.0,-1.0999999999999788,-1.0925534165432425
749,CSCO,2018-11-20,-0.02102297355873428,-0.09947119038763197,-0.05199579831932777,0.0,-0.060978956999085066,-0.9880589057214296,0.39583333333333326,38.0,31.263636363636365,0.0,0.0,0.0,0.0,0.0,0.0,-0.7627479914740121,-0.6424313725490196,0.0,-4.958214285714286,-0.5665176670923797,-0.02102297355873428,0.0,0.0,0.3823978617793051,0.0,-127.00000000002487,-131.18622950822243
750,CSCO,2019-02-19,-0.020588886429045772,-0.046133678123765454,-0.08310249307479223,0.0,0.0014939672951073124,0.0,-0.03663500678426057,0.8076923076923075,0.7951535643843337,0.0,0.0,0.0,0.0,0.0,0.0,1.050909928587883,0.0,0.0,0.0,0.21114657500613787,-0.020588886429045772,0.0,0.0,-0.7237950559315012,0.0,-1.0,-1.0
751,CSCO,2019-05-21,-0.025090415913200714,-0.10930587194306907,0.22175226586102714,0.0,-0.019295315616233988,0.0,0.05633802816901401,0.4964539007092199,0.4777899858734893,0.0,3.6741753821399836,0.0,0.0,0.0,0.0,0.5234190722228462,0.0,0.0,0.0,0.5113521183863774,-0.025090415913200714,0.0,3.292117465224111,1.2469999999999999,0.0,inf,inf
752,CSCO,2019-09-05,-0.014607002086714616,0.009384709686965031,0.018298714144411532,0.0,0.0618190235272722,0.0,0.03733333333333344,0.24644549763033186,0.23430695698353698,0.0,-0.6858864027538727,0.0,0.0,0.0,0.0,0.36009732360097324,0.0,0.0,-0.83416042587747,0.3639594929917511,-0.014607002086714616,4.847953216374269,-0.7075981274756932,0.33466844681797947,113.28571428571429,1.1568627450980205,1.552956093680053
980,FB,2012-07-31,0.0,0.0,0.0,0.0,0.0,0.0,0.0,0.0,0.0,0.0,0.0,0.0,0.0,0.0,0.0,0.0,0.0,0.0,0.0,0.0,0.0,0.0,0.0,0.0,0.0,0.0,0.0
981,FB,2012-10-24,0.5384615384615385,1.6683318853171154,0.0,0.0,0.0,0.0,1.8932435190855275,-0.75,-0.9032258064516129,0.0,0.0,-0.2885313959522574,0.0,0.0,0.0,0.0,-0.0889261744966443,0.0,0.0,0.0,0.0,0.0,0.0,0.0,0.0,-3.590208333333338,-4.075042200854706
982,FB,2013-02-01,-0.35,-0.08286528286528283,0.0,0.0,0.0,0.0,-0.8474671934528009,-2.0,-12.666666666666666,0.0,0.0,-0.312910284463895,0.0,0.0,0.0,0.0,2.027624309392265,0.0,0.0,0.0,0.0,0.0,0.0,0.0,0.0,-1.335397731842677,-1.2111053797789677
983,FB,2013-05-02,13.282051282051283,-0.019969823378006568,0.031746031746031855,0.0,1.3379888268156424,1.3855631021955457,4.469010175763183,4.0,3.4571428571428573,0.0,0.0,0.15180467091295125,-0.2293456708526107,0.0,0.0,0.0,-0.6824817518248175,0.0,0.0,0.0,0.0,0.0,0.0,0.0,0.0,-2.231015187849718,-2.39037847374306
984,FB,2013-07-25,-0.580490724117295,0.034323492120992505,0.0,0.0,0.0,0.0,0.044401217861975706,-1.7999999999999998,-1.8076923076923077,0.0,0.0,0.15299539170506904,-0.12521440823327612,0.0,0.0,0.0,1.1532567049808429,0.0,0.0,0.0,0.0,0.0,0.0,0.0,0.0,4.0967532467532495,4.273630386964981
985,FB,2013-11-01,0.0,-0.07635058226074776,0.0,0.0,0.0,0.0,0.05660377358490565,-3.125,-3.0634920634920637,0.0,0.0,0.0231814548361311,-0.11960784313725492,0.0,0.0,0.0,0.5916370106761566,0.0,0.0,0.0,0.0,0.0,0.0,0.0,0.0,-1.0579691680468848,-1.030609752911521
986,FB,2014-01-31,0.0,0.23897999810408566,0.33846153846153837,0.0,0.0,0.0,-1.000459840588596,2.0588235294117645,-0.8653846153846154,0.0,0.0,2.959375,0.16258351893095768,0.0,0.0,0.0,-0.08105086640581327,0.0,0.0,0.0,0.0,0.0,0.0,0.0,0.0,-4.2747252747252915,-3.6916762019905573
987,FB,2014-04-25,1.810271041369472,0.07574598316755932,-0.02298850574712641,0.0,-0.27568697729988056,0.25988214262067144,-2790.5,-0.8269230769230769,3.114285714285714,0.0,0.0,-0.718429360694554,0.0,0.0,0.6307420494699647,0.0,-0.5273722627737226,0.0,0.0,0.0,0.0,0.0,0.0,0.0,0.0,-3.1208053691275115,-3.1281220953886715
988,FB,2014-07-24,0.021827411167512745,0.10647226173541968,0.7176470588235293,0.0,0.0,0.09149674164389321,0.09613431319830323,2.4444444444444446,1.2013888888888888,0.0,0.0,1.0658724597056763,0.0,0.0,0.0,0.0,2.8906048906048905,0.0,0.0,0.0,0.0,0.0,0.0,0.0,0.0,-2.167721518987342,-1.997043187835033
989,FB,2014-10-30,-0.7198211624441133,0.035868097962332035,-0.40410958904109584,0.0,0.0,0.1646203476334922,-0.15676441731167556,0.2903225806451615,0.9936908517350158,0.0,0.0,0.6126187245590231,0.28735632183908044,0.0,0.0,0.0,0.5739331789612967,0.0,0.0,0.0,0.0,0.0,0.0,0.0,0.0,-1.4742547425474257,-1.4456844265252569
990,FB,2015-01-29,-0.002141487588652513,-0.1517219981383804,1.0229885057471266,0.0,0.6857731958762887,0.6613196626426328,1.3332902391725923,1.8000000000000003,3.651898734177215,0.0,0.0,0.571729070256626,0.6086309523809523,0.0,0.0,0.0,0.4327448507776377,0.0,0.0,0.0,0.0,0.0,0.0,0.0,0.0,-2.005714285714289,-2.0007015439964055
991,FB,2015-04-23,-0.006738190389386722,0.09758595464520847,-0.2670454545454546,0.0,0.10225048923679059,0.04536631495122445,0.03892398049645385,-0.8392857142857143,-0.9653061224489796,0.0,0.0,-0.650695931477516,0.22294172062904716,0.0,0.3217768147345612,0.0,-0.72260525157694,0.0,0.0,0.0,0.0,0.0,0.0,0.0,0.0,-2.2613636363636322,-2.1363152976056163
992,FB,2015-07-31,-0.0017889087656529634,0.12976539589442826,0.07751937984496116,0.0,0.038171327119396414,0.050539195848311014,0.05202527932588463,1.4444444444444446,1.392156862745098,0.0,0.0,1.0613026819923372,-0.13010590015128598,0.0,0.0,0.0,1.1433104177683764,0.0,0.0,0.0,0.0,0.0,0.0,0.0,0.0,-0.4594594594594643,-0.5195258276867394
993,FB,2015-11-05,0.0,0.12907793050557492,0.07194244604316546,0.0,0.07930739632321515,0.05300249263539536,0.049883402615837014,0.7272727272727273,0.7295081967213115,0.0,0.0,0.5654275092936802,0.16826086956521746,0.0,0.0,0.0,0.5761164569454724,0.0,0.0,0.0,0.0,0.0,0.0,0.0,0.0,-5.016666666666711,-4.679303764992664
994,FB,2016-01-28,-0.010752688172043001,0.13130257589215732,0.31543624161073835,0.0,0.02772826302238074,0.06322494566269987,0.06755190729116367,0.7236842105263159,7.739336492890995,0.0,0.0,0.38957492282118267,-0.048546499607162175,0.0,0.0,0.0,0.4738572323105823,0.0,0.0,0.0,0.0,0.0,0.0,0.0,0.0,2.0414937759336045,2.3470922506144927
995,FB,2016-04-28,-0.005434782608695676,0.09975983742841299,-0.23979591836734693,0.0,-0.05087685488533433,0.05400044528103298,0.06630783843683563,-0.5954198473282443,-0.9210954446854663,0.0,0.0,-0.7117833034264718,-0.051023512538571736,0.0,0.30327868852459017,0.0,-0.6948486457780139,0.0,0.0,0.0,0.0,0.0,0.0,0.0,0.0,-0.46521145975443345,-0.5361302449610271
996,FB,2016-07-28,-0.0018214936247723523,0.13430203258861084,-0.12751677852348997,0.0,0.08751269035533005,0.07036005760921737,0.06856839872746545,1.3584905660377355,1.3505154639175259,0.0,0.0,1.0942780907204268,-0.05376688802381502,0.0,0.0,0.0,1.2474765053950576,0.0,0.0,0.0,0.0,0.0,0.0,0.0,0.0,-0.7882653061224495,-0.8130712597995259
997,FB,2016-11-03,-0.0036496350364964014,0.1228433913365421,1.0,0.0,0.03790141896938004,0.07059688907228323,0.07407260385447478,0.6559999999999999,0.6637426900584795,0.0,0.0,0.550537938844847,-0.056822031847441945,0.0,0.0,0.0,0.5926901037633576,0.0,0.0,0.0,0.0,0.0,0.0,0.0,0.0,-5.319277108433745,-5.189192722766519
998,FB,2017-02-03,-0.0146520146520146,0.13429833816934855,0.16153846153846163,0.0,0.03741680158301852,0.08859804940174953,-0.599556500046198,0.7198067632850242,7.978031634446397,0.0,0.0,0.38875194010773306,-0.060245291732950235,0.0,0.0,0.0,0.4643134966938933,0.0,0.0,0.0,0.0,0.0,0.0,0.0,0.0,-1.0195258019525784,-1.0189781124603285
999,FB,2017-05-04,-0.0074349442379182396,0.07351530478765156,-0.4370860927152318,0.0,0.13161088954395694,0.057773125413709714,1.8697738809413935,-0.702247191011236,-0.9445042576098659,0.0,0.0,-0.6906843731510091,-0.06410746464260364,0.0,0.11635220125786172,0.0,-0.7008433494919981,0.0,0.0,0.0,0.0,0.0,0.0,0.0,0.0,-7.785714285715069,-6.848767174854806
1000,FB,2017-07-27,-0.0037453183520599342,0.10490116436501484,0.8999999999999999,0.0,0.12810297272448667,0.07464272200716016,0.06903261079307899,1.2641509433962264,1.2680776014109347,0.0,0.0,1.0454835281615305,-0.06849874555108226,0.0,0.10422535211267614,0.0,1.1706992230854607,0.0,0.0,0.0,0.0,0.0,0.0,0.0,0.0,-6.084210526315681,-5.660244900034542
1001,FB,2017-11-02,-0.020676691729323293,0.08330065679835319,0.18575851393188847,0.0,0.058136375984786826,0.06981027314708221,0.07110302191603624,0.6749999999999998,0.6656298600311041,0.0,0.0,0.5409393183707398,-0.07353585969307863,0.0,0.0943877551020409,0.0,0.5977093772369364,0.0,0.0,0.0,0.0,0.0,0.0,0.0,0.0,-1.7743271221532135,-1.7020492428544491
1002,FB,2018-02-01,-0.02303262955854124,0.0986358391964346,-0.007832898172323799,0.0,0.30641848523748405,0.06995113800349384,-0.5226659925851028,0.36567164179104505,6.438842203548086,0.0,0.0,0.37896156439649364,-0.07937259144074094,0.0,0.08624708624708632,0.0,0.4669098822324629,0.0,0.0,0.0,0.0,0.0,0.0,0.0,0.0,-2.6577540106951876,-2.6202330118978168
1003,FB,2018-04-26,-0.0216110019646365,0.03807425406173426,0.5605263157894738,0.0,0.1128033801709738,0.05230467086271351,1.2836128273021479,-0.6867030965391621,-0.9457135684699385,0.0,0.0,-0.681320293398533,0.0,0.0,0.5793991416309012,0.0,-0.47790043195601906,0.0,0.0,0.0,0.0,0.0,0.0,0.0,0.0,1.333870967741929,1.7313992432919347
1004,FB,2018-07-26,-0.04016064257028118,-0.011485360628421759,-0.29342327150084313,0.0,-0.03673289183222961,0.01513294732699988,0.022700334965215063,1.0232558139534884,0.9942196531791907,0.0,0.0,1.1304281110940617,0.0,0.0,0.0,0.0,1.1057161958883501,0.0,0.0,0.0,0.0,0.0,0.0,0.0,0.0,-3.8500345542501737,-3.0925150251411964
1005,FB,2018-10-31,-0.014644351464435101,-0.013765978367748288,0.4081145584725536,0.0,0.11009258410486744,0.02393372539898775,-0.5116399183694036,0.5114942528735631,7.828985507246378,0.0,0.0,0.5723854796888506,0.0,0.0,0.0,0.0,0.5447870778267254,0.0,0.0,0.0,0.0,0.0,0.0,0.0,0.0,-1.1350630455868087,-1.200904201991047
1006,FB,2019-01-31,-0.00424628450106157,0.027122713492176542,0.38983050847457634,0.0,0.09058629232039639,0.05280578029680272,0.08290556401062754,0.45437262357414454,0.451871306631648,0.0,0.0,0.4165636022170309,0.0,0.0,0.0,0.0,-0.9846881101633953,0.0,0.0,0.0,0.0,0.0,0.0,0.0,0.0,1.921005385996415,1.8394456025820753
1007,FB,2019-04-25,-0.03624733475479747,0.05586370839936605,-0.2634146341463415,0.0,0.738547739834936,0.12475599482195321,0.04247159429265612,-0.8888888888888888,-0.8901501447178003,0.0,0.0,-0.6197251414713015,0.0,0.0,-0.846195652173913,0.0,0.0,0.0,0.0,0.0,0.0,0.0,0.0,0.0,0.0,-0.3435771358328229,-0.4592007491070941
1160,GOOGL,2015-10-29,0.0,0.0,0.0,0.0,0.0,0.0,0.0,0.0,0.0,0.0,0.0,0.0,0.0,0.0,0.0,0.0,0.0,0.0,0.0,0.0,0.0,0.0,0.0,0.0,0.0,0.0,0.0
1161,GOOGL,2016-02-11,-0.013630123553638018,0.022825556450972062,0.24661071659134937,-0.019607843137254943,0.0,0.02204032408979706,-0.2324308978759646,0.4489028213166144,18.67268351383875,0.0,0.0,0.4019405241935483,0.0,0.0,0.0,0.0,0.37978164847070595,0.0,0.0,0.0,0.0,0.0,0.0,-0.003707136237256714,0.0,-1.061790668348046,-1.0644192959171566
1162,GOOGL,2016-05-03,-0.015090963316433004,0.009332623121823369,-0.13671672708441218,0.0024999999999999467,0.0,0.015502404025471206,-1.0211940867265168,-0.735179575941151,-0.7426596525568877,-0.1875,0.0,-0.7318844487587409,0.0,0.0,0.0,0.0,-0.7295542401546267,0.0,0.0,0.0,0.0057394507585677434,-0.043749999999999956,0.0,-0.0012403100775193465,0.0,11.183673469387353,11.054743903131886
1163,GOOGL,2016-08-04,-0.012415213178294526,0.03609477214006929,0.029394121175764898,0.0024937655860348684,0.008977003590801447,0.030351192344420852,0.06292966684294021,1.1617647058823528,-0.8440694081293083,0.08284023668639051,0.0,1.0413677505866579,0.0,0.0,0.0,0.0,1.0665549972082635,0.0,0.0,0.0,0.0,-0.04575163398692805,0.0,-0.3110835144365104,0.0,-0.7202680067001703,-0.7498581418247994
1164,GOOGL,2016-11-03,-0.01667995339424788,0.04571404316729977,0.2674825174825175,0.0024875621890547706,-0.021504562147427353,0.036657765794726904,-0.06417910447761199,0.5563114134542706,0.5442073170731707,-0.2513661202185792,0.0,0.5479686011758138,0.0,0.0,0.0,0.0,0.5356100724089485,0.0,0.0,0.0,0.0,-0.047945205479452024,0.0,-0.06684692804566617,0.0,2.730538922155723,2.780221399366645
1165,GOOGL,2017-02-03,-0.013886290406402657,0.06963245590891565,-0.06160919540229881,0.002481389578163684,0.10121880441091125,0.04719658889138967,-56.891015417331204,0.3754249635745508,18.228035538005923,0.10364963503649638,0.0,0.41214911629288586,0.0,0.0,0.0,0.0,0.39714265606305865,0.0,0.0,0.0,0.0,-0.05035971223021585,0.0,-0.07163554410817774,0.0,-1.300160513643665,-1.289214372164029
1166,GOOGL,2017-05-02,-0.005755001370238433,0.03212279902853665,0.12983831455169037,0.0024752475247524774,-0.022978813112680463,0.031397577270040555,-1.0208787132244532,-0.7228107344632768,-1.0012834993325803,0.09391534391534395,0.0,-0.7268165154155899,0.0,0.0,0.0,0.0,-0.79621700584324,0.0,0.0,0.0,0.0012621276361832745,-0.05303030303030298,0.0,-0.07716316975897342,0.0,1.2834224598930328,1.0029944276838756
1167,GOOGL,2017-07-25,-0.0013357645661945527,0.03301652664668997,0.07892454466608845,0.0024691358024691024,0.09091236019707272,0.03394961680057418,-0.2574031890660592,0.648407643312102,1.04,0.08585247883917768,0.0,1.2032779672203278,0.0,0.0,0.0,0.0,1.056111729081696,0.0,0.0,0.0,0.0012605366780054084,-0.05600000000000005,0.0,-0.08361518226230746,0.0,-7.85714285714288,-7.407308351113404
1168,GOOGL,2017-10-27,-0.0009978556718540643,0.061920523908671976,0.07475884244372999,0.0024630541871921707,0.06925993077303438,0.06110703668661577,-0.2705521472392638,0.750386398763524,0.9215686274509804,0.07906458797327387,0.0,0.4990014977533699,0.0,0.0,0.0,0.0,0.5468261601346478,0.0,0.0,0.0,0.001258949725700509,-0.05932203389830504,0.0,-0.09124461759278246,0.0,-2.4429644808743225,-2.4529925469545146
1169,GOOGL,2018-02-06,-0.0017426786245590131,0.04158531987096237,0.17314884068810765,0.002457002457002533,0.38096559378468364,0.04093681411446903,-96.24558452481077,-0.19337748344370853,-130.20408163265307,0.0732714138286894,0.0,0.41064113238967526,0.0,0.0,0.0,0.0,0.400769440018653,0.0,0.0,0.0,0.0012573667641575526,-0.06306306306306309,0.0,-0.10040613718411551,0.0,-0.47834319526627445,-0.5131910227420156
1170,GOOGL,2018-04-24,-0.0006812569190155493,-0.004400360395147573,0.12400382531080645,0.0,0.02940191547786486,0.04886084290022552,-1.003938294171148,-0.2594417077175698,-1.0030800821355237,0.0,0.0,-0.7149653519696845,0.0,0.0,0.0,0.0,-0.9958386506131055,0.0,0.0,0.0,0.0011125775961702278,0.0,0.0,0.0,0.0,-3.321687840290383,-3.296996623840438
1171,GOOGL,2018-07-24,-0.001043885811674472,0.0031997155808372035,-0.04452637549631311,0.0,0.07590544350466266,0.022591635054485693,2.5605381165919283,0.3399852180339986,-0.15384615384615385,0.0,0.0,1.236280803478981,0.0,0.0,0.0,0.0,0.9666666666666666,0.0,0.0,0.0,0.0,0.5384615384615385,0.0,1.435665914221219,0.0,-1.9214383427789745,-1.8170517810565572
1172,GOOGL,2018-10-26,-0.0002345865944424208,0.04466119509975264,0.12466607301869992,0.0,0.04208828865148151,0.04691649732999381,-0.011964735516372782,0.728626585769443,0.8787878787878789,0.0,0.0,0.4709695342161311,0.0,0.0,0.0,0.0,0.4949152542372881,0.0,0.0,0.0,0.0,0.0,0.0,0.0,0.0,-1.4207847295864238,-1.4617387866228937
1173,GOOGL,2019-02-05,-0.005204778156996603,0.046059428536182834,0.1554499868039061,0.0,0.06704321250338507,0.05079941138766264,-86.96876991714468,0.41097638800255254,-496.741935483871,0.0,0.0,0.3912244255587032,0.0,0.0,0.0,0.0,53.4172335600907,0.0,0.0,0.0,0.0,0.0,0.0,0.0,0.0,-1.5267137096774124,-1.5092568755260074
1284,HPQ,2009-12-17,0.0,0.0,0.0,0.0,0.0,0.0,0.0,0.0,0.0,0.0,0.0,0.0,0.0,0.0,0.0,0.0,0.0,0.0,0.0,0.0,0.0,0.0,0.0,0.0,0.0,0.0,0.0
1285,HPQ,2010-03-11,0.0,-0.01602619006833017,-0.08454318319940579,0.0,0.0,-0.010287546058763586,0.0,-0.7040498442367602,-0.706266318537859,0.0,-0.7106879280746154,-0.7301754520380018,0.0,0.0,0.0,0.0,-0.7278353935330679,0.0,0.0,0.0,0.0,0.0,-0.4895380707266529,0.0,0.0,-1.3000000000000036,-1.2975666280417184
1286,HPQ,2010-06-08,0.0,-3.8686964427325776e-05,-0.01526886479309586,0.0,0.0,0.020912179408192344,0.04523397713077726,0.9894736842105263,0.9777777777777779,0.0,0.9701474276625681,-0.0064953503229928655,0.0,0.0,0.0,0.0,0.9894794239343105,0.0,0.0,0.0,0.0,0.0,1.0043216343635413,102.52631578947368,0.0,1.6770833333333335,2.0642580823431897
1287,HPQ,2010-09-09,0.0,0.0516490956572202,0.1149812734082396,0.0,0.0,0.03468282842215986,-0.02243110937464088,-0.5978835978835979,-0.6015730337078652,0.0,0.4884183071477364,2.0213640098603123,0.0,0.0,0.0,0.0,-0.9645471253990262,0.0,0.0,0.0,0.0,0.0,0.4963737340738321,-0.895017793594306,0.0,-0.9844357976653729,-0.9818581395745247
1288,HPQ,2010-12-15,-0.06807610993657509,-0.003329347926055326,-0.03493449781659386,0.0,0.0,0.03737803811126761,-0.049041965440225654,3.973684210526315,3.941342357586012,0.0,0.4465537383177569,0.27574464059784076,0.0,0.0,0.0,0.0,-0.6157344247385175,0.0,0.0,0.0,0.0,0.0,-0.12549122347393238,0.0,0.0,-32.000000000006395,-29.962686567170156
1289,HPQ,2011-03-11,0.0,0.0,0.0,0.0,0.0,0.0,0.0,-0.7486772486772486,-0.7431800022828444,886.0,-0.7642554296097603,-0.7388660778007434,0.0,0.0,0.33333333333333326,0.0,-0.26745562130177514,0.0,0.0,0.0,0.0,0.0,-0.6204813261433992,16.06053268765133,0.0,-1.8064516129032198,-1.8076181292188949
1290,HPQ,2011-06-08,0.0,0.034899601358334476,-0.009954751131221684,0.0,0.0,0.0050119274234354805,0.024079705307918697,1.3894736842105266,1.1817777777777776,0.0,0.9952896555942987,1.0434443103570668,0.0,0.0,0.0,0.0,1.9676898222940227,0.0,0.0,0.0,0.0,0.0,0.04815155900539403,0.19301731478853257,0.0,-1.8400000000000034,-1.9795670508855818
1291,HPQ,2011-09-09,0.0,0.0036379848417298355,0.018773730839544367,0.0,0.0,-0.0016782948524299846,-0.06276706177727354,-0.5859030837004405,-0.6076594011000204,0.0,0.4803936597479841,0.49796776210657967,0.0,0.0,0.0,0.0,0.17310832879695148,0.0,0.0,0.0,0.0,0.0,1.9725116103928704,-0.20699500356887934,0.0,4.809523809523798,7.657090988888205
1292,HPQ,2011-12-14,-0.09664246823956446,-0.09342738854634947,0.01801366553937478,0.0,0.0,0.036824451435753414,-0.005100069546402852,2.595744680851064,2.6728971962616823,0.0,0.34960444021041304,0.36324949849839405,0.0,0.0,0.0,0.0,32.985150812064965,0.0,0.0,0.0,0.0,0.0,0.3536018917321173,0.21257125712571256,0.0,-0.6557377049180321,-0.6933753364325905
1293,HPQ,2012-03-12,0.0,-0.04453068344407207,-0.1610169491525424,0.0,0.0,-0.022553023927360916,0.013902912621359231,-0.7810650887573964,-0.9163132598247102,-2.4261555806087935,-0.7690702349348597,-0.7618909907457811,0.0,0.0,0.03125,0.0,-0.5898850323602501,0.0,0.0,0.0,0.0,0.0,-0.7446343898178188,-0.32722998886552024,0.0,-1.0,-1.0
1294,HPQ,2012-06-08,0.0,0.019282446819421928,0.042424242424242475,0.0,0.0,0.00863376409997163,0.05428731934017672,0.08108108108108114,0.0,0.0,1.0087713469333512,1.0170393655783383,0.0,0.0,0.0,0.0,0.021873751498202143,0.0,0.0,0.0,0.0,0.0,1.011483019789885,-0.21809488782640674,0.0,inf,inf
1295,HPQ,2012-09-10,0.0,0.011028597878806279,-0.026821705426356535,0.0,0.0,-0.07935687490700061,-0.23462022863786092,3.0124999999999993,0.0,0.0,0.48044988422097257,0.5273355175772603,0.0,0.0,0.0,0.0,2.0991757078161144,0.0,0.0,0.0,0.0,0.0,0.4989675695372282,0.9009877704609595,0.0,-1.0,-1.0
1296,HPQ,2012-12-27,0.0,0.007962258892847851,0.06340608570973405,0.0,0.0,-0.07475586103644216,-0.290022467643429,-2.9968847352024923,0.0,0.0,0.3287750815569559,0.3283009241544046,0.0,0.0,0.0,0.0,-0.14330918915509394,0.0,0.0,0.0,0.0,0.0,0.3208005834211165,-0.28937275763949033,0.0,-inf,-inf
1297,HPQ,2013-03-11,-0.01406328478151686,-0.021427019768153754,-0.1265917602996255,0.0,0.0,-0.019003751103265687,0.020458192191121327,-1.0982839313572543,0.0,-1.4041897233201581,-0.7640579807627632,-0.7677339944480333,0.0,0.0,-0.030303030303030276,0.0,-0.6229154139720952,0.0,0.0,0.0,0.0,0.0,-0.7571165644171779,-0.9063370473537604,0.0,-1.0,-1.0
1298,HPQ,2013-06-06,-0.019358125318390207,0.0003834355828220559,0.05600343053173251,0.0,0.0,-0.004189276576601952,0.027866346363834893,0.8888888888888888,0.0,0.0,0.9436961014895588,0.9764723568985605,0.0,0.0,0.0,0.0,0.9762764814995606,0.0,0.0,0.0,0.0,0.0,0.9766355140186915,11.87732342007435,0.0,inf,inf
1299,HPQ,2013-09-09,0.002077922077922123,0.007806983922051147,0.07959067652075036,0.0,0.0,-0.004272780318858582,0.04546806611991672,0.6050420168067228,0.0,0.0,0.49123643297154596,0.4824484673309499,0.0,0.0,0.0,0.0,0.36947751486110425,0.0,0.0,0.0,0.0,0.0,0.47185483355696123,-0.9328810623556582,0.0,-1.0,-1.0
1300,HPQ,2013-12-30,0.017625712804562044,0.008126826534288867,0.004287971112615585,0.0,0.0,-0.0011720226843100479,0.10836076901190905,0.3821989528795813,0.0,0.0,0.367921512700091,0.3490039636219038,0.0,0.0,0.0,0.0,-0.9980040160159679,0.0,0.0,0.0,0.0,0.0,0.3212363257509985,13.294623655913979,0.0,0.0,0.0
1301,HPQ,2014-03-11,-0.028018339276617454,0.006353744738305078,-0.05318352059925091,0.0,0.0,-0.006160339149854255,0.017785764054420783,-0.7613636363636364,0.0,-0.019557989438685697,-0.7389092608570607,-0.7512812954634058,0.0,0.0,0.03125,0.0,32.704819277108435,0.0,0.0,0.0,0.0,0.0,-0.765442239453279,-0.003911539040168499,0.0,inf,inf
1302,HPQ,2014-06-09,0.0,-0.006313629547786248,0.10909810126582276,0.0,0.0,0.006198524160914154,-0.017474958564531184,0.8888888888888888,0.0,0.0,0.9269535283993116,1.0104752074014605,0.0,0.0,0.0,0.0,-1.0119749776586238,0.0,0.0,0.0,0.0,0.0,1.004482420507074,-0.18501736897749588,0.0,-1.0,-1.0
1303,HPQ,2014-09-09,-0.02253668763102723,-0.02138432213485819,0.08003423924673658,0.0,0.0,-0.02371399371664329,0.0454728812937768,0.6050420168067228,0.0,0.0,0.49708814176998106,0.4788735072640147,0.0,0.0,0.0,0.0,37.35820895522388,0.0,0.0,0.0,0.0,0.0,0.4885394828791054,-0.498702742772424,0.0,-inf,-inf
1304,HPQ,2014-12-18,-0.01394101876675602,0.017408241524134116,0.050326926887259704,0.0,0.0,0.00034893864495488813,-0.06236627030060682,0.39267015706806285,0.0,0.0,-0.9983055701398501,0.34071826259145443,0.0,0.0,0.0,0.0,-6.804280155642023,0.0,0.0,0.0,0.0,0.0,0.3188582695648092,0.288724584103512,0.0,-3.3877551020408103,-3.3031179871689886
1305,HPQ,2015-03-11,-0.009244154431756413,-0.03882740053843858,-0.06476765390177952,0.0,0.0,-0.022721547196868364,-0.00837978377165094,-0.7180451127819549,0.0,-0.09156193895870735,-0.6338028169014085,-0.7610123814364769,0.0,0.0,-0.06060606060606055,0.0,-0.7585975732385868,0.0,0.0,0.0,0.0,0.0,-0.7710105720286192,0.006597819850831854,0.0,-1.051282051282053,-1.0606688485476385
1306,HPQ,2015-06-08,-0.008232711306256912,0.014212207975434765,0.0033617965440730924,0.0,0.0,0.005304329721101286,0.009846455653223618,-0.2533333333333333,0.0,0.0,0.6538461538461537,-0.03599662907821344,0.0,0.0,0.0,0.0,0.023049153013051882,0.0,0.0,0.0,0.0,0.0,-0.034043214674335465,0.5941863778854375,0.0,-1.0,-1.0
1307,HPQ,2015-09-08,-0.003320420586607642,0.06372358488636132,0.041948669838504316,0.0,0.0,0.05559390902994199,0.009974596533173896,-0.1607142857142858,0.0,0.0,298.7674418604651,0.0047872783281992515,0.0,0.0,0.0,0.0,-0.062160694896851276,0.0,0.0,0.0,0.0,0.0,0.024943675571290624,0.972470504111548,0.0,0.0,0.0
1308,HPQ,2015-12-16,0.0016657412548584105,-0.004057848378783757,0.026175316740626453,0.0,0.0,-0.0014107798529425786,-1.036027371925282,4.340425531914893,0.0,0.0,3.1179984484096197,-0.993785474582591,0.0,0.0,0.0,0.0,3.0460202604920408,0.0,0.0,0.0,0.0,0.0,2.968440885539331,-0.9964654703643284,0.0,inf,inf
1309,HPQ,2016-03-03,-0.03713968957871394,-0.7073589897078417,-0.4333792930559037,0.0,0.0,-0.7612600812110552,0.15195071868583154,-0.8685258964143426,0.0,-0.12472551602986381,-0.8186545091463989,-0.7333333333333334,0.0,0.0,-0.8980645161290323,0.0,-0.7781672508763144,0.0,0.0,0.0,0.0,0.0,-0.9867457962413452,-0.2564102564102564,0.0,3.2000000000000712,3.7047706422019147
1310,HPQ,2016-06-03,-0.014968336211859556,0.015176509402837324,0.006415219555358842,0.0,0.0,0.0002351373594073891,0.12834224598930488,0.1212121212121211,0.0625,-0.14249874560963371,0.6956902436852572,267.675,0.0,0.0,0.0,0.0,-0.0006449532408900893,0.0,0.0,0.0,0.0,0.0,6.236247334754797,0.2068965517241379,0.0,-1.4761904761904767,-1.383343884082437
1311,HPQ,2016-09-01,0.0,0.13110172245693863,0.14320254973073965,0.0,0.0,0.06664577048152642,0.3183254344391786,2.135135135135135,-1.1001589825119238,-0.16617905207723815,0.41026965053081166,2.0557364846003536,0.0,0.0,0.0,0.0,-0.9916101968376896,0.0,0.0,0.0,0.0,0.0,0.8618068242088515,-0.02857142857142858,0.0,-2.3000000000000123,-2.224913013222002
1312,HPQ,2016-12-15,0.0005844535359438296,0.061257326744052376,0.06739088636800616,0.0,0.0,0.06560387893035546,0.0,0.24137931034482762,-40.61904761904762,-0.19929824561403509,0.2909157481878659,0.36080998781973195,0.0,0.0,0.0,-2.0,1160.3846153846155,0.0,0.0,0.0,0.0,0.0,0.4628873484632672,-0.20588235294117652,0.0,-1.7692307692307618,-1.7081259547627192
1313,HPQ,2017-03-02,-0.011098130841121545,-0.03752436647173485,-0.013689993695397695,0.0,0.0,-0.028197173388486707,0.0,-0.75,-0.7552083333333334,-0.24890446976336544,0.22535610755097046,-0.7353263666674126,0.0,0.0,0.10443037974683533,0.0,-0.5799443634918533,0.0,0.0,0.0,0.0,0.0,0.3164203648008308,0.18518518518518512,0.0,2.0000000000000178,1.6577752553916159
1314,HPQ,2017-06-01,-0.005906674542232704,0.029648382559774866,0.011688430280339723,0.0,0.0,0.01752270147559587,0.02696225284601561,0.9166666666666665,-0.8576104746317512,-0.3313885647607935,0.18391070657930841,0.9779337166046669,0.0,0.0,0.09455587392550147,0.0,-0.9909334594765058,0.0,0.0,0.0,0.0,0.0,0.240364228069887,0.0625,0.0,-1.6333333333333242,-1.5948471926083783
1315,HPQ,2017-08-31,-0.007724301841948944,0.17162058791388923,0.15569997292174387,0.0,0.0,0.11322596388482187,0.235705950991832,0.5942028985507248,-1.5632183908045976,-0.49563699825479934,0.1553417040299303,0.5174182517631973,0.0,0.0,0.08638743455497377,0.0,-1.7739130434782608,0.0,0.0,0.0,0.0,0.0,0.19378519843636144,0.0,0.0,-1.4736842105263395,-1.4635532493205075
1316,HPQ,2018-03-01,0.0,-0.01053957002285133,0.0034364261168384758,0.0,0.0,0.10368259535291546,-0.13644948064211515,0.06363636363636349,-40.55102040816327,-0.9826989619377162,0.13445520358876095,-0.6184788732394366,0.0,0.0,0.07951807228915664,0.0,-164.1123595505618,0.0,0.0,0.0,0.0,0.0,0.1623283641732065,0.08823529411764697,0.0,-0.5555555555555819,-0.6357417699871957
1317,HPQ,2018-06-05,-0.035329341317365315,-0.08408351793373237,0.016033623910336248,0.0,0.0,-0.08960136189530432,-0.2815746309458721,0.5641025641025643,-0.8214654282765738,0.0,0.0,0.962714116952156,0.0,0.0,0.0,0.0,-0.9773369153406352,0.0,0.0,0.0,0.0,0.0,0.0,0.054054054054053946,0.0,-18.000000000000444,-18.48592788038744
1318,HPQ,2018-08-28,-0.018001241464928652,0.12056810579941346,0.09123640263520749,0.0,0.0,0.06753513884127527,-0.20928462709284623,0.3005464480874316,0.049132947976878505,0.0,0.0,0.5080690666967611,0.0,0.0,0.0,-2.0,0.0607902735562309,0.0,0.0,0.0,0.0,0.0,0.0,0.07692307692307687,0.0,-0.7647058823529421,-0.7800826865888164
1319,HPQ,2018-12-13,-0.013906447534766109,-0.017863703159441635,0.04008424008424005,0.0,0.0,0.010743270858877718,-0.18671799807507217,0.38655462184873945,13.674931129476583,0.0,0.0,0.35718027389059337,0.0,0.0,0.0,0.0,107.51002865329512,0.0,0.0,0.0,0.0,0.0,0.0,0.04761904761904767,0.0,-2.625000000000008,-2.7532705099778356
1320,HPQ,2019-03-05,-0.013461538461538414,-0.11460232851732366,-0.016468682505399568,0.0,0.0,-0.06157934261452258,-0.9940828402366864,-0.8424242424242424,-0.8492584944621738,0.0,0.0,-0.7466549036906338,0.0,0.0,4.357142857142857,0.0,-0.6125165038288882,0.0,0.0,0.0,0.0,0.0,0.0,-0.13636363636363635,0.0,-0.3461538461538435,-0.24504706762770978
1321,HPQ,2019-05-30,-0.021442495126705707,-0.03437896070975921,-0.05030194894317874,0.0,0.0,-0.016743613419513692,-2.2,0.9807692307692308,0.9738480697384806,0.0,-0.4300125657044759,0.9509576320371445,0.0,0.0,0.0,0.0,0.9557039661987188,0.0,0.0,0.0,0.0,0.0,0.02312988836152141,0.0,0.0,-1.823529411764701,-1.846501547987611
1362,IBM,2009-07-28,0.0,0.0,0.0,0.0,0.0,0.0,0.0,0.0,0.0,0.0,0.0,0.0,0.0,0.0,0.0,0.0,0.0,0.0,0.0,0.0,0.0,0.0,0.0,0.0,0.0,0.0,0.0
1363,IBM,2009-10-27,0.004082555365601648,-0.022257229661303057,0.04702675072414375,0.0,-0.03402054841124036,0.00019294775939404651,0.19609882964889458,0.6014851485148514,0.0,0.5954057058169693,0.5559366323697534,0.0,0.0,0.0,0.5143011332973557,0.0,0.5241314888127753,0.0,0.0,0.5310813511892865,0.0,0.0,0.5070847978910369,-0.42556444026340545,0.0,-2.542857142857186,-2.5110006303745793
1364,IBM,2010-02-23,0.006293487567252676,0.12634074483266589,0.21008950366151335,0.0,0.012737432790965286,0.05157463226428738,0.23053924766253542,0.5641421947449767,0.0,0.5588713423130516,0.42815156922430986,0.0,0.0,0.0,0.3446186742694226,0.0,0.39735582535605873,0.0,0.0,0.42901436031331586,0.0,0.0,0.35366786924674765,-0.1467758444216991,0.0,-1.7222222222222148,-1.6838479393859695
1365,IBM,2010-04-27,0.0,-0.06616940839889651,-0.14671866594943517,0.0,-0.03718687331192694,-0.03498376474473042,-0.02668198082784823,-0.8023715415019763,0.0,-0.8062569832402234,-0.7630457151256799,0.0,0.0,0.0,-0.7551020408163265,0.0,-0.7613045385241964,0.0,0.0,-0.772159415324883,0.0,0.0,-0.7473752220965919,0.20297504798464483,0.0,3.897435897435882,3.7520824874913297
1366,IBM,2010-07-27,0.008492430864204259,-0.017550386239796878,0.1399527186761229,0.0,-0.009812302098508252,-0.016994905330393162,-0.04420641764625788,1.3199999999999998,-0.0625,1.075355632449058,1.0276054590570718,0.0,0.0,0.0,0.972943722943723,0.0,0.03793148707179417,0.0,0.0,1.0835004009623095,0.0,0.0,0.9940323955669224,0.12345432788193067,0.0,-1.115183246073298,-1.1172642766074468
1367,IBM,2010-10-26,-0.00842091681037882,-0.009488807216839312,-0.02060002765104385,0.0,0.031260639073974916,0.036298588280796684,0.05598556436677904,0.6142241379310347,0.0,-0.3351241200444609,0.5372495028300444,0.0,0.0,0.0,0.5013713658804169,0.0,1.986511549485753,0.0,0.0747028862478778,0.5293240317536685,0.0,0.0,-0.49182342881573327,-0.013669447896325182,0.0,2.77272727272722,2.4643586176408916
1368,IBM,2011-02-22,0.01635313278137418,0.082012188265983,0.10163749294184066,0.0,0.06442256676295477,0.058577640099277906,0.03633420271607157,0.5607476635514017,0.0,3.132906101978267,0.4303910836899194,0.0,0.0,0.0,0.3361344537815125,0.0,-1.1146756619432057,0.0,10.36650868878357,0.44757290716330567,0.0,0.0,3.0364917446629507,-0.6000719942404608,0.0,-1.0,-1.0
1369,IBM,2011-04-26,0.0034177388358969107,-0.012303599634217344,-0.1354433623782676,0.0,-0.0010412166727589156,-0.004336635757853591,-0.01627180421765162,-0.7998289136013688,0.0,-0.8069844266163284,-0.7641575066091554,0.0,0.0,0.0,-0.7489745693191141,0.0,-4.028553846153846,0.0,-0.9085476025017373,-0.7640283392011127,0.0,0.0,-0.736445822369278,2.828982898289829,0.0,inf,inf
1370,IBM,2011-07-26,0.0029532158846634626,0.012456863900345061,0.15666222024603527,0.0,0.0010423019349115048,0.00435552407932005,0.0165409554055842,0.982905982905983,0.0,1.0911631156129933,0.9283185840707964,0.0,0.0,0.0,0.985838779956427,0.0,0.8929979274190272,0.0,0.010638297872340496,1.1406336341867749,0.0,0.0,0.8497429814155792,-0.20333803479078516,0.0,-1.9390243902438555,-1.8570833941871925
1371,IBM,2011-10-25,-0.006340588441724249,-0.057008063845706225,-0.09110712455151204,0.0,-0.027669779239911874,-0.02903430525684869,-0.03276056582487197,0.853448275862069,0.0,0.7312510439285118,0.6302585283769313,0.0,0.0,0.0,0.4816236972024137,0.0,0.6622657306627167,0.0,0.0,0.5237275738932152,0.0,0.0,0.6336575459598119,-0.10430805547359101,0.0,1.454545454545495,1.4740740740741147
1372,IBM,2012-02-28,0.009561376391750143,0.12242963877195678,0.2007613139715212,0.0,0.09587496155204422,0.05696363405290583,-0.09658606612534204,0.5406976744186047,0.0,0.5296671490593343,0.4049920240217697,0.0,0.0,0.0,0.3287671232876712,0.0,-0.9906754487924577,0.0,10.072180451127819,0.4156878247119946,0.0,0.0,0.3327226929242042,0.39400428265524634,0.0,-1.2380952380952337,-1.2196773003738994
1373,IBM,2012-04-24,0.0,-0.04086160854539744,-0.12927087002465654,0.0,-0.016985976693659866,-0.009327252583030576,0.02795709603734231,-0.8,0.0,-0.8066225165562914,-0.7779336138382422,0.0,0.0,0.0,-0.7640011145165784,0.0,-0.736842105263158,0.0,-0.9163384490017656,-0.7782520244126212,0.0,0.0,-0.7549091801669121,-0.2564102564102564,0.0,2.066666666666734,2.0498372100829725
1374,IBM,2012-07-31,0.0,-0.02978688558150966,0.008899676375404564,0.0,0.017279485633916014,-0.013134281775858958,-0.011062267523308078,1.271698113207547,0.0,1.1285061969993477,1.0333834586466164,0.0,0.0,0.0,1.014167650531287,0.0,1.0052631578947366,0.0,0.08766233766233755,1.0905738442165855,0.0,0.0,0.9799699549323986,0.2186556491339584,0.0,-1.5072463768116082,-1.5122497222001303
1375,IBM,2012-10-30,0.0,0.015804355165428774,-0.053060678962844166,0.0,-0.02167427258646315,0.017095368613395223,0.0522176631496678,0.5581395348837213,0.0,0.6504750229849832,0.4795148646649905,0.0,0.0,0.0,0.507620164126612,0.0,0.4776902887139107,0.0,0.0,0.5114658176655338,0.0,0.0,0.48128477491148214,0.2171078367453383,0.0,-1.0,-1.0
1376,IBM,2013-02-26,0.006914790178190744,0.026837830539456986,0.12237120677487656,0.0,0.06499702482148928,0.029668849004128584,-0.12446033146093494,0.5490405117270787,0.0,0.5415467458917465,0.39518144556633006,0.0,0.0,0.0,0.3188180404354588,0.0,101.202486678508,0.0,9.98955223880597,0.4317269647889328,0.0,0.0,0.3374082294690115,-0.538675808870795,0.0,inf,inf
1377,IBM,2013-04-30,0.0,-0.009791030283413882,-0.09419014084507038,0.0,-0.021800077821788055,-0.016399218206068156,0.012301166489925741,-0.8128011011699932,0.0,-0.8173933991809202,-0.7899828030954428,0.0,0.0,0.0,-0.7576650943396226,0.0,-0.9975321515467501,0.0,-0.9232649735162298,-0.7877052765517516,0.0,0.0,-0.7567788387887453,1.0262424523920113,0.0,1.0797546012269912,1.0626278246966758
1378,IBM,2013-07-31,0.0,-0.021205744754744682,-0.053033458281271706,0.0,-0.00790461425482436,-0.017951866823585627,-0.06997695369788393,0.07720588235294112,0.0,0.06398416886543545,1.0924599112930742,0.0,0.0,0.0,0.9854014598540146,0.0,337.556338028169,0.0,0.12566371681415922,1.136167821689455,0.0,0.0,0.9790048288893554,-0.10257879656160462,0.0,-1.28613569321534,-1.290719469944569
1379,IBM,2013-10-29,0.0,0.031767235081713974,0.16581146459463425,0.0,0.030431072592501218,0.03525744010143028,0.06217616580310881,2.2013651877133107,0.0,2.1924984500929945,0.6310125550301646,0.0,0.0,0.0,0.5759803921568627,0.0,0.6757358294331772,0.0,-0.07704402515723274,0.5401578255151249,0.0,0.0,0.553416083174199,0.17254150702426574,0.0,-5.917525773195893,-6.4349265678270475
1380,IBM,2014-02-25,0.0,0.0,0.0,0.0,0.0,0.0,0.0,0.41257995735607667,0.0,0.5394698514418876,0.496850944716585,0.0,0.0,0.0,0.39541213063763614,0.0,-0.9429004108687826,0.0,-0.013628620102214661,0.4271725826193391,0.0,0.0,0.39115588185077677,0.0,0.0,-1.0461215932914043,-1.0445879780334182
1381,IBM,2014-04-29,0.004532929133372887,0.03877976250682735,-0.06174547283702214,0.0,0.0305799718644304,0.058802311828408005,0.2084835630965005,-0.8264150943396227,0.0,-0.8496373383790602,-0.8042476457623723,0.0,0.0,0.0,-0.7709668431317915,0.0,0.0,0.0,0.04663212435233155,-0.7870278032629942,0.0,1.6643612693246541,-0.7661757486499754,-0.2525868641760157,0.0,-9.954545454545626,-9.505288203564227
1382,IBM,2014-07-29,0.0,0.0,0.0,0.0,0.0,0.0,0.0,0.8,0.0,1.625,1.0924599112930742,0.0,0.0,0.0,0.9854014598540146,0.0,0.0,0.0,-0.0643564356435643,1.136167821689455,0.0,0.0,0.9790048288893554,0.0,0.0,-1.6142131979695387,-1.6059308257014848
1383,IBM,2014-10-28,0.0,0.0,0.0,0.0,0.0,0.0,0.0,1.2584541062801935,0.0,0.6457334611697028,0.2850154899722812,0.0,0.0,0.0,0.505514705882353,0.0,-1.441086956521739,0.0,-0.014109347442680775,0.5057869355545814,0.0,-0.011452130096197943,0.4826013155102906,0.0,0.0,-2.4297520661156846,-2.729269534219613
1384,IBM,2015-02-24,0.0,0.0,0.0,0.0,0.0,0.0,0.0,0.5540106951871657,0.0,0.6121953587726965,0.555640147189443,0.0,0.0,0.0,0.38054538054538045,0.0,-3.228684080827994,0.0,-0.04114490161001794,0.46624159315224034,0.0,-0.8995983935742972,0.40128801431127004,0.0,0.0,0.10982658959539138,0.1027415754576515
1385,IBM,2015-04-28,0.0034821959154911486,-0.03754625121713728,-0.08001608363490154,0.0,0.021530776230952453,-0.06885432924268953,-0.4792909792909793,-0.8417068134893324,0.0,-0.8597928210069863,-0.818189233278956,0.0,0.0,0.0,-0.7635613207547169,0.0,-1.4641751437417072,0.0,0.02238805970149249,-0.7889835388495066,0.0,0.0,-0.7676300873206352,-0.16482075196735646,0.0,0.6614583333333184,0.5853580336398461
1386,IBM,2015-07-28,0.0,0.0,0.0,0.0,0.0,0.0,0.0,1.5478260869565221,0.0,1.4815292096219932,1.1857335127860025,0.0,0.0,0.0,1.0299251870324189,0.0,1.0095283468318246,0.0,0.018248175182481674,1.1333396066622754,0.0,0.07692307692307687,1.003296341061422,0.0,0.0,-0.6927899686520317,-0.6702711469665014
1387,IBM,2015-10-27,0.0,0.0,0.0,0.0,0.0,0.0,0.0,0.5170648464163823,0.0,0.510645663839363,0.49199507389162567,0.0,0.0,0.0,0.49140049140049147,0.0,0.48127074442863926,0.0,-0.03405017921146958,0.4796435975475277,0.0,1.2857142857142856,0.4863975427819218,0.0,0.0,-6.918367346938648,-7.553213795611379
1388,IBM,2016-02-23,0.0,-0.04137833353567233,0.0,0.0,-0.0024735116283477465,-0.002220671817037112,0.0,0.6940382452193474,0.0,0.8887361063366563,0.5145136882652359,0.0,0.0,0.0,0.37026359143327836,0.0,-1.001920614596671,0.0,-0.005565862708719838,0.45130421821433897,0.0,-0.625,0.38612546125461256,0.0,0.0,-0.7637931034482743,-0.7463296497075511
1389,IBM,2016-04-26,0.0027148108560857143,0.005192392933279777,-0.1217948717948718,0.0,-0.08727210541816699,-0.05778069599474722,0.2017189079878665,-0.8612217795484728,0.0,-0.8778135048231511,-0.852393496230357,0.0,0.0,0.0,-0.7965133754132853,0.0,725.6666666666666,0.0,-0.06156716417910446,-0.8058499712431189,0.0,0.0,-0.7796294324353104,0.12737742104344796,0.0,-1.1970802919708097,-1.177161687097206
1390,IBM,2016-07-26,0.0012907877419043867,-0.08607185603594902,-0.09024552090245519,0.0,0.06345307116611676,0.06842843567582246,0.1031412144159305,0.2535885167464116,0.0,-1.0019860973187686,-0.026461538461538425,0.0,0.0,0.0,1.0413589364844902,0.0,0.033600917431192645,0.0,0.06361829025844923,0.026449428692340238,0.0,0.44238095238095254,0.049891278086494406,-0.8720012381984212,0.0,-2.9629629629628926,-2.795933098791934
1391,IBM,2016-10-25,0.00022654832730761854,-0.04804245933278195,-0.03884026258205686,0.0,-0.03641097418931749,-0.020752863048045023,0.08116697387656524,0.14122137404580148,0.0,-1.75,-0.029077117572692823,0.0,0.0,0.0,0.5238784370477569,0.0,-0.009319871297015392,0.0,-0.013084112149532756,-0.07101628530199955,0.0,0.306701881809178,-0.03141180531584398,0.002418379685610539,0.0,-1.5849056603773617,-1.6318317437761696
1392,IBM,2017-02-28,0.0002348176325412954,0.05925228682451178,0.1779548472775565,0.0,0.006409540158664129,0.016123730602217945,0.07266313932980606,3.1571906354515047,0.0,132.33333333333334,3.270182291666667,0.0,0.0,0.0,0.34710351377018034,0.0,3.635009519543062,0.0,10.12310606060606,3.2487518029512925,0.0,0.23471450227387547,3.0414587788073177,0.3570566948130278,0.0,0.3548387096773691,0.13711295716901573
1393,IBM,2017-04-25,0.0004760019756535616,-0.02276248632883704,-0.14253502979545818,0.0,-0.00031288479783608825,0.0002128202945432811,0.00443932916803691,-0.9501206757843926,0.0,3.375,-1.001677084921482,0.0,0.0,0.0,-0.7500881212548467,0.0,-0.7976127192770502,0.0,-0.910097054316363,-0.7970439233300256,0.0,0.19009617352158803,-1.0002351488786339,-0.2995555555555556,0.0,-1.8571428571429152,-1.9565874250167279
1394,IBM,2017-07-25,0.0008471369834093245,0.0495231877637623,-0.037190082644628086,0.0,0.029319414015568368,0.025533001404315137,0.005019915970971844,3.016129032258065,-0.6,1.3325714285714287,-0.09090909090909094,0.0,0.0,0.0,1.0296191819464036,0.0,0.024235912129894954,0.0,0.007575757575757569,0.131497683993824,0.0,0.15973177441540565,1.25,-0.5203045685279188,0.0,-1.555555555555503,-1.6117237862562304
1395,IBM,2017-10-31,0.00019189323662982538,-0.006020482971585972,0.061646507998439404,0.0,-0.0007062216162666557,0.009469272583924715,0.0655844508388077,0.17670682730923692,-1.6666666666666665,0.6675649191572759,-0.9,0.0,0.0,0.0,0.5503822098679638,0.0,0.0048956754866533725,0.0,0.001879699248120259,0.000682283375028403,0.0,0.13773165307635282,0.11111111111111116,-0.002645502645502673,0.0,-2.500000000000142,-2.4186641617000566
1396,IBM,2018-02-27,0.0004215465416073094,0.11159536900451483,0.185409775817714,0.0,0.05645913289294158,0.03058305107040682,-0.10358180058083255,-0.78839590443686,-3.25,-0.15484060525929189,2.0,0.0,0.0,0.0,0.35410129986553107,0.0,3.7721842013687503,0.0,10.013133208255159,3.116704545454546,0.0,0.12105811832160551,2.5,17.53315649867374,0.0,5.766666666666414,5.586597721444241
1397,IBM,2018-04-24,0.0004652559408722112,-0.012325324218357303,-0.11083552937529062,0.0,-0.9992474287147755,-1.0035658444749354,0.032511083323860435,-1.0161290322580645,-2.4444444444444446,-1.0008691117677733,-2042.0,0.0,0.0,0.0,-0.743793445878848,0.0,-0.7869278821613476,0.0,-0.9100511073253833,-1.0007729041874844,0.0,0.0,-261.1142857142857,-0.14455417203377696,0.0,-0.8522167487684674,-0.8393290279699956
1398,IBM,2018-07-31,0.0008251728310981754,-0.04737184968038766,-0.03800557880055788,0.0,-0.3827160493827161,0.031319910514541416,0.01948695364967512,-264.0,-0.8461538461538461,0.3999999999999999,0.0,0.0,0.0,0.0,0.9987080103359174,0.0,0.002053388090349051,0.0,0.007575757575757569,-1.5,0.0,0.0,0.0,0.27923707545591436,0.0,0.8666666666666034,0.8714138428757361
1399,IBM,2018-10-30,0.0001483729886300189,0.03124265412971461,-0.024284160927872445,0.0,-0.07999999999999996,-0.04772234273318876,0.06825053995680341,0.12167300380228152,-3.5,-3.4285714285714284,0.0,0.0,0.0,0.0,0.5106658047834518,0.0,-0.028574681238615618,0.0,0.1071428571428572,-0.7142857142857143,0.0,0.0,0.0,0.42976719853518186,0.0,6.571428571428531,8.207348235181687
1400,IBM,2019-02-26,0.000353508302731953,0.018422197815860963,0.21805349182763734,0.0,-4.3478260869565215,-1.968109339407745,-0.1510311362717347,2.244067796610169,2.2,0.41176470588235303,0.0,0.0,0.0,0.0,0.33804022250748833,0.0,3.9248798781202394,0.0,0.0,4.75,0.0,0.0,0.0,-0.06631906330040249,0.0,-1.061320754716979,-1.0526058733281183
1401,IBM,2019-04-30,0.0006232525011344858,0.07241688031579385,-0.12915523025312592,0.0,-743.3376623376623,307.06117647058824,-0.01875446534889258,-0.812957157784744,0.0,65.29166666666667,0.06761391474767264,0.0,0.0,0.0,-0.6344739366805245,0.0,-0.9645202741290692,0.0,0.0,348.69565217391306,0.0,0.0,0.027680140597539538,0.004212795140589698,0.0,3.6923076923078524,3.7061433352697097
1945,ORCL,2009-09-21,0.0,0.0,0.0,0.0,0.0,0.0,0.0,0.0,0.0,0.0,0.0,0.0,0.0,0.0,0.0,0.0,0.0,0.0,0.0,0.0,0.0,0.0,0.0,0.0,0.0,0.0,0.0
1946,ORCL,2009-12-22,0.0,0.3581077444701577,-0.059040590405904037,0.0,0.0,0.015755311521189475,0.053092606051333036,1.1904761904761907,0.0,0.0,0.0,0.9532808398950132,0.0,0.0,0.921875,0.0,1.051772650534609,0.0,0.0,0.0,0.0,0.0,0.0,0.0,0.0,inf,inf
1947,ORCL,2010-03-29,0.0,-0.04977214186645529,1.4156862745098038,0.0,0.0,0.10315234150056662,0.034324942791762014,0.5869565217391304,0.0,0.0,0.0,0.472050524052674,0.0,0.0,0.5934959349593496,0.0,0.49853720972755533,0.0,0.0,0.0,0.0,0.0,0.0,0.0,0.0,-1.0,-1.0
1948,ORCL,2010-07-01,0.0,-0.22511364110263143,-0.560064935064935,0.0,0.0,0.03691105647795778,-0.11890714988060125,0.4794520547945207,-0.3408802369868811,-0.5021806853582554,0.0,0.33144682793245095,0.0,0.0,0.5204081632653061,0.0,0.3684338966506009,-0.12788018433179726,0.0,0.0,0.0,0.0,0.0,0.17999999999999994,0.0,inf,inf
1949,ORCL,2010-12-21,0.0,0.4533125235455573,1.859778597785978,0.0,0.0,0.0,0.22750099641291355,-0.5185185185185186,0.6020866773675762,0.0,0.0,-0.5205676676264912,0.0,0.0,-0.587248322147651,0.0,-0.28292465448060633,0.0,0.0,0.0,0.0,0.0,0.0,0.0,0.0,-0.05555555555554459,-0.36013329825483775
1950,ORCL,2011-03-29,0.0,0.0,0.0,0.0,0.0,0.0,0.0,0.4423076923076923,0.0,0.0,0.0,0.6520806520806521,0.0,0.0,0.5934959349593496,0.0,0.5448271574235264,0.0,0.0,0.0,0.0,0.0,0.0,0.0,0.0,6.1176470588234215,5.925248674189276
1951,ORCL,2011-06-28,0.0,0.4506739742260406,-0.09548387096774191,0.0,0.0,0.1941764916041444,0.29151243587245923,1.2533333333333334,0.0,0.0,0.0,1.0418073227733058,0.0,0.0,0.5204081632653061,0.0,-0.06419286030506699,0.0,0.13199745547073793,0.0,0.0,0.0,9.85344827586207,0.0,0.0,0.25619834710745293,0.2949821782800235
1952,ORCL,2011-09-23,0.0,0.0,0.0,0.0,0.0,0.0,0.0,-0.8402366863905325,0.0,0.11389236545682113,0.0,-0.763237102039086,0.0,0.0,-0.6677852348993288,0.0,-0.639858936865646,-0.08586525759577279,0.0,0.0,0.0,0.0,-0.28832406671961874,0.0,0.0,-0.2631578947368487,-0.17891765405044757
1953,ORCL,2011-12-23,0.0,-0.017664777658651154,-0.3651925820256776,0.0,0.0,-0.0084993540490923,0.05390185036202744,0.5925925925925926,0.0,0.0,0.0,0.017188898836168365,0.0,0.0,1.2828282828282829,0.0,0.04991640792930507,0.0,-0.10649058724360771,0.0,0.0,0.0,0.036830357142857206,0.0,0.0,-0.3392857142857173,-0.27113106823111066
1954,ORCL,2012-03-23,0.0,-0.024530949534847468,-0.006741573033707815,0.0,0.0,0.0199012481141132,0.02273377862595427,0.16279069767441867,0.0,0.0,0.0,0.00721703925365258,0.0,0.0,0.25221238938053103,0.0,0.028093721565059182,0.0,0.03632075471698104,0.0,0.0,0.0,-0.00753498385360607,0.0,0.0,-1.2162162162162131,-1.1940130839886314
1955,ORCL,2012-06-26,0.0,0.06619958442111984,-0.009049773755656076,0.0,0.0,0.05333440916609522,0.019009633102418766,2.98,0.0,0.0,0.0,3.0921006641034605,0.0,0.0,0.3003533568904593,0.0,3.106759597300586,0.0,0.1122743134577453,0.0,0.0,0.0,3.0596529284164857,0.0,0.0,-3.625000000000022,-3.7209902244750412
1956,ORCL,2012-09-24,0.0,-0.046248407165879635,-0.11415525114155256,0.0,0.0,-0.022584804728893015,-0.008217359457974749,-0.8190954773869347,-0.8156497344955416,0.3719101123595505,0.0,-0.7569506726457399,0.0,0.0,-0.6820652173913043,0.0,-0.779612618194553,-0.08670520231213874,0.0,0.0,0.0,0.0,-0.7499332086561581,-0.576271186440678,0.0,-1.0,-1.0
1957,ORCL,2012-12-21,0.0,0.07746515770721984,-0.04123711340206182,0.0,0.0,0.040479113874448025,-0.007985413926007934,0.19444444444444442,1.5081521739130435,0.0,0.0,0.9196977684062555,0.0,0.0,1.2307692307692308,0.0,1.098276494316098,0.0,0.0,0.0,0.0,0.0,0.938034188034188,1.3599999999999999,0.0,-inf,-inf
1958,ORCL,2013-03-22,0.0,-0.01077098883999128,-0.029569892473118253,0.0,0.0,-0.0025986416761866193,0.008491729288323313,0.16279069767441867,-0.45872156013001086,0.0,0.0,-0.4762471395881007,0.0,0.0,0.34099616858237547,0.0,0.5281952697192125,0.0,0.0,0.0,0.0,0.0,-0.49173098125689085,-0.576271186440678,0.0,0.7797552836484785,0.8701095472437346
1959,ORCL,2013-06-26,0.0,-0.016295531632502636,0.21329639889196672,0.0,0.0,-0.014134675896790405,0.007843499123373565,2.98,2.9955964771817456,0.0,0.0,3.0921006641034605,0.0,0.0,0.38857142857142857,0.0,-0.3899668356650021,0.0,0.0,0.0,0.0,0.0,3.0596529284164857,1.3599999999999999,0.0,-1.5625000000000049,-1.606433578104144
1960,ORCL,2013-09-20,0.0,0.13577193113959463,-0.04337899543378998,0.0,0.0,0.10314450955609167,-0.0033647683574437037,-0.7587939698492463,-0.7962128043282236,0.28173628173628185,0.0,-0.7651505445227418,0.0,0.0,-0.691358024691358,0.0,-0.4768480909829407,0.0,0.21006683944891558,0.0,0.0,0.0,-0.7846647074539139,-0.48033898305084743,0.0,-0.1111111111111287,-0.21418969869841886
1961,ORCL,2013-12-20,0.0,-0.026508568537298993,0.0,0.0,0.0,-0.013517579797699186,0.02542431271674972,1.0,1.3323500491642086,0.0,0.0,0.9867248590652846,0.0,0.0,1.0133333333333332,0.0,-0.5237697085523172,0.0,-0.2096719648292188,0.0,0.0,0.0,0.15384615384615374,-0.005218525766470972,0.0,-2.4375000000000555,-2.331062158469997
1962,ORCL,2014-03-20,0.0,-0.05785049263310138,-0.054892601431980936,0.0,0.0,-0.04019334099814642,0.0013214477692169435,-0.44791666666666663,-0.4721753794266442,0.0,0.0,-0.47459954233409607,0.0,0.0,0.32450331125827825,0.0,-0.8495109104589917,0.0,-0.02652973898160038,0.0,0.0,0.0,1.8688172043010751,-0.005901639344262244,0.0,-0.21739130434784082,-0.25697851463374766
1963,ORCL,2014-06-26,0.0,0.15460999712175005,0.05808080808080818,0.0,0.0,0.0,0.048560628089560964,3.3207547169811322,3.363019169329074,0.0,0.0,2.919163763066202,0.0,0.0,0.365,0.0,62.791666666666664,0.0,0.08864468864468855,0.0,0.0,0.0,0.1926536731634183,-0.00527704485488123,0.0,0.7222222222222376,0.6409210743120923
1964,ORCL,2014-09-23,0.0,0.20889941418422042,0.009546539379474916,0.0,0.0,0.10428787952867546,0.010154016809590827,-0.7903930131004366,-0.7994508009153318,0.007485166590597947,0.0,-0.7495999288762447,0.0,0.0,-0.7069597069597069,0.0,-0.9669235793598955,0.0,0.032705248990578806,0.0,0.0,0.0,-0.7828409805153991,0.0,0.0,1.4193548387096597,1.473145446543528
1965,ORCL,2014-12-19,0.0,-0.17280131972368284,0.15839243498817956,0.0,0.0,0.08811874612591875,0.0039912151032648335,0.16666666666666674,0.1419443176631674,0.0,0.0,0.07509320078111137,0.0,0.0,0.8875,0.0,6.326224328593997,0.0,-0.05851687736217903,0.0,0.0,0.0,0.1056439942112879,0.0,0.0,-1.866666666666665,-1.7563983829474439
1966,ORCL,2015-03-19,0.0,0.06556151065686144,-0.038775510204081653,0.0,0.0,-0.08098265601953103,-0.013987337778432196,0.01785714285714257,-0.0027977617905675656,0.0,0.0,-0.018494055482166427,0.0,0.0,0.4966887417218544,0.0,0.006361185983827511,0.0,-0.04789590254706533,0.0,0.0,0.0,-0.05235602094240843,0.3255968169761274,0.0,-0.9538461538461629,-0.9525702034199748
1967,ORCL,2015-06-25,0.0,-0.06172261862985928,0.0,0.0,0.0,-0.0008633666873284485,0.03807756303596577,3.245614035087719,3.390781563126253,0.0,0.0,2.784656796769852,0.0,0.0,0.34513274336283195,0.0,0.8008356545961002,0.0,0.11558592614132013,0.0,0.0,0.0,3.080110497237569,-0.24562281140570286,0.0,-5.666666666667614,-5.998543689321402
1968,ORCL,2015-09-18,0.0,0.29076628989361697,-0.10403397027600847,0.0,0.0,0.21536348126647908,-0.03218050675050865,-0.8347107438016529,-0.8006389776357827,-0.09957415964483107,0.0,-0.7424431009957326,0.0,0.0,-0.6398026315789473,0.0,-0.9306323993098935,0.17721518987341778,-0.00456144923758639,0.0,0.0,0.0,-0.7660798916723087,0.32625994694960214,0.0,1.571428571428557,1.8835834823858617
1969,ORCL,2015-12-18,0.0,0.006406748011976493,-0.016587677725118488,0.0,0.0,-0.029378520773704286,-0.024906044971017227,0.4249999999999998,0.005952380952380931,0.0,0.0,1.0421125302036591,0.0,0.0,0.47945205479452047,0.0,6.715265866209262,0.0,-0.02317360565593085,0.0,0.0,0.0,-0.0014471780028944004,-0.0004999999999999449,0.0,0.6111111111111089,0.6028221560309273
1970,ORCL,2016-03-18,0.0,0.0,-0.012048192771084376,0.0,0.0,0.0415089732633378,-0.001175855761693212,0.0,-0.02503413746017291,0.0,0.0,0.5058316430020284,0.0,0.0,0.9845679012345678,0.0,0.03679413072476656,0.0,0.023723361479694338,0.0,0.0,0.0,-0.047826086956521685,0.0,0.0,-2.5,-2.3640728884511204
1971,ORCL,2016-06-22,0.0,0.0,0.2292682926829268,0.0,0.0,0.0,0.06088947024198821,2.9649122807017543,4.11437908496732,0.0,0.0,0.3718920132457766,0.0,0.0,0.10730948678071539,0.0,-0.7439691219041493,0.0,0.07240115213406662,0.0,0.0,0.0,3.187214611872146,0.8759379689844922,0.0,-0.977011494252878,-0.9766550833110622
1972,ORCL,2016-09-19,0.0,0.02867882277671141,0.0,0.0,0.0,0.011514566783585645,-0.028235004007151177,-0.8230088495575221,-0.8405294386125057,-0.048802575971020334,0.0,-0.762958720288017,0.0,0.0,-0.6924157303370786,0.0,2.5389447236180906,0.0,0.0,0.0,0.0,0.0,-0.7415485278080698,0.0,0.0,-1.0,-1.0
1973,ORCL,2016-12-19,0.0,0.0,0.0,0.0,0.0,0.0,0.0,1.2999999999999998,1.2581568402976533,0.0,0.0,1.0421125302036591,0.0,0.0,0.9589041095890412,0.0,1.064489409537333,0.0,0.0,0.0,0.0,0.0,0.970464135021097,0.0,0.0,0.0,0.0
1974,ORCL,2017-03-17,0.0,0.0,0.0,0.0,0.0,0.0,0.0,0.5543478260869563,0.5429657794676805,0.0,0.0,0.5058316430020284,0.0,0.0,0.4988344988344988,0.0,0.5166504270075085,0.0,0.0,0.5213306490269389,0.0,0.0,0.4689507494646681,0.0,0.0,-inf,-inf
1975,ORCL,2017-06-27,0.0,0.0,0.0,0.0,0.0,0.0,0.0,0.5804195804195804,0.6326597667159519,0.0,0.0,0.36695291014199927,0.0,0.0,0.10730948678071539,0.0,-0.4585238653112127,0.0,0.0,0.49404499338332597,0.0,0.0,0.42322643343051514,0.0,0.0,0.571428571428557,0.4129262400988578
1976,ORCL,2017-09-18,0.0,0.15863044796541903,0.1884920634920635,0.0,0.0,0.20334284186129437,0.13895409080335797,-0.8053097345132743,-0.8156570738579191,-0.193695123241299,0.0,-0.7555327448162594,0.0,0.0,-0.6882022471910112,0.0,-0.39886934673366836,0.03853046594982068,0.07862287876938101,-0.7844700324771183,0.0,0.0,-0.7627176510754523,1.6125333333333334,0.0,-1.0,-1.0
1977,ORCL,2017-12-18,0.0,0.0,0.0,0.0,0.0,0.0,0.0,1.1363636363636362,1.109170305676856,-0.2402256625557596,0.0,1.007389989922741,0.0,0.0,1.0855855855855854,0.0,1.0530593289213979,0.0371009490940466,0.0,1.0778864970645792,0.0,0.0,1.00431654676259,0.0,0.0,0.0,0.0
1978,ORCL,2018-03-21,0.0,0.0,0.0,0.0,0.0,0.0,0.0,0.5851063829787235,0.5794513457556936,-0.31618027974443097,0.0,0.5226740294511378,0.0,0.0,0.5593952483801297,0.0,0.5244585194819884,0.035773710482529086,0.0,0.5258994160858919,0.0,0.0,0.48815506101938255,0.0,0.0,-inf,-inf
1979,ORCL,2018-06-22,0.0,0.0,0.0,0.0,0.0,0.0,0.0,0.4161073825503354,0.458463050958545,0.0,0.0,0.343095774493104,0.0,0.0,0.206371191135734,0.0,-0.5016136810475943,0.0,0.0,0.38316257252191077,0.0,0.0,0.3270622286541245,-0.6172297642135347,0.0,-34.333333333339965,-37.388244392892005
1980,ORCL,2018-09-19,0.0,0.022062671945245915,-0.11686143572621033,0.0,0.0,0.02118659762502695,-0.1390271073152618,-0.7535545023696683,-0.7591281878440624,-0.9214646464646464,0.0,-0.7400073640715132,0.0,0.0,-0.6727898966704937,0.0,-0.6032005954596205,0.04578313253012056,-0.28828522920203736,-0.7576082106202588,0.0,0.0,-0.9578335150854235,0.1976,0.0,-0.6000000000000014,-0.6483785437487265
1981,ORCL,2018-12-19,0.0,0.0,0.0,0.0,0.0,0.0,0.0,1.0192307692307692,1.0326492537313432,0.0,0.0,1.0305271439811174,0.0,0.0,1.0105263157894737,0.0,0.0,0.0,0.0,0.9202871870397644,0.0,0.0,0.0,0.0,0.0,0.5000000000000089,0.604034896401318
1982,ORCL,2019-03-18,0.0,0.0,0.0,0.0,0.0,0.0,0.0,-0.9333333333333333,-0.9286369894446994,0.0,0.0,0.49302541847489145,0.0,0.0,0.5322862129144852,0.0,0.0,0.0,0.0,0.0,0.0,0.0,0.0,0.0,0.0,-1.0,-1.0
1983,ORCL,2019-06-21,0.0,0.0,0.0,0.0,0.0,0.0,0.0,31.857142857142854,29.392282958199356,35.12540192926045,0.0,0.2913422609778884,0.0,0.0,0.1389521640091116,0.0,6.0891014818983304,0.0,0.0,0.0,0.0,0.0,0.0,-0.44333110665776,0.0,-inf,-inf
